cloth,dep,sport,cloth-dep,cloth-sport,cloth-dep-sport,cloth+dep,cloth+sport,cloth+all
CLMBR,CLMBR,Lattelier Store,Lattelier Store,Kut from the Kloth,Shoclef,Kut from the Kloth,L'Couture,Christy Dawn
Venue Marketplace,Venue Marketplace,Nap Loungewear,Nap Loungewear,LXRandCo,Birdy Grey,LXRandCo,Vintage Brand LLC,Chantelle Lingerie
Playful Promises,At Home,Lolë US,Lolë US,Moral Code,Cath Kidston,The Irish Store,Everyday Yoga,Shoe Palace
The Cambridge Satchel Co.,CULTNAKED,2Star,2Star,Greenwich St. Jewelers,Moral Code,The List,GIGLIO.COM s.p.a (US),Superga
CULTNAKED,grace von,L'Couture,L'Couture,Franco Sarto,Saturdays NYC,Lilly Pulitzer,Compression Sale,2Star
grace von,Silk Maison,Collars & Co.,Collars & Co.,Victorinox US,STM Goods,Hemp Black,Mack Weldon,Mack Weldon
doors.,PatPat,Goal Five,Goal Five,Thakoon,Greenwich St. Jewelers,Thakoon,LIVELY,JD Sports
Nap Loungewear,Steals,Amour Vert,Amour Vert,Master & Dynamic US,Hope Health Supply,Weddingstar US,Sheertex,Sheertex
Silk Maison,For Days,The Pangaia US,The Pangaia US,Jennifer Behr LLC,Franco Sarto,Frame Denim,Crooks & Castles,Crooks & Castles
Lattelier Store,Scosche,Baseball Express,Baseball Express,For Days,Victorinox US,Mack Weldon,New Balance Athletic Shoe,Skechers
PatPat,Forsake US,Compression Sale,Compression Sale,Bellroy,Design Milk,Jennifer Behr LLC,Primitive Skate,Steve Madden
Chamberlain Coffee,UOMA Beauty,Umbro,Umbro,Spinnaker Watches,STAUD,Bugatchi,BELLA+CANVAS,New Balance Athletic Shoe
Steals,2Star,MBT,MBT,Keto Cycle,DESIRE RIVIERA MAYA RESORT,Mignonne Gavigan,Mavi,Hat Country LLC
For Days,Jedora,Point 3 Basketball,Point 3 Basketball,Milwaukee Boot Co.,Master & Dynamic US,Dango Products,Shock Doctor,BELLA+CANVAS
At Present,Sukoshi Mart US,MINDD,MINDD,PerfectLensWorld,Church's Footwear US,Sheertex,Bates Footwear,Psycho Bunny Inc.
Aquae Jewels,Gussi Hair,Crooks & Castles,Crooks & Castles,American Fighter,Toynk Toys,Crooks & Castles,Gibsonlook,ECCO
Forsake US,Moerie Beauty,Haven Well Within,Haven Well Within,Lane Bryant,BH Cosmetics,Tamara Mellon,JD Sports Singapore,BN3TH
Lolë US,Collars & Co.,Katin USA,Katin USA,MicroPerfumes.com,Bellroy,For Days,KUHL,Mavi
Banda Bags,One Stop Wine Shop,Olympia Sports,Olympia Sports,Afends US,Koolaburra,Salvatore Ferragamo - US,Coolwick.com,Proviz (US)
Life In Lilac,Uniforme Los Angeles,SmokeRise,SmokeRise,SIR The Label,Spinnaker Watches,New Balance Athletic Shoe,Wolverine,Vessi Footwear Ltd.
2Star,Goal Five,BodyHealth,BodyHealth,AmorePacific,Petal & Pup US,Littman Jewelers,Quiksilver Retail Inc.,Gibsonlook
Jedora,Girls Crew,Christy Dawn,Christy Dawn,Bali Bras,Culture Kings US,District 5 Boutique LLC,Element,SmokeRise
Sukoshi Mart US,Rolla's Jeans US,Psycho Bunny Inc.,Psycho Bunny Inc.,Clinique Online,EyeJust,BELLA+CANVAS,Calzedonia S.p.A.,Coolwick.com
L'Couture,KNOW Beauty,KnowFashionStyle,KnowFashionStyle,Belstaff,Falconeri,Mavi,LifeStride,Katin USA
Collars & Co.,Triple Bristle,BRABAR,BRABAR,Chloe Kristyn,Milwaukee Boot Co.,Carol's Daughter,Coltorti Boutique US,Onzie
Altuzarra,Stoneberry,KUHL,KUHL,Dogeared,PerfectLensWorld,Anna Beck,Lorna Jane (US),JOLYN
Spiritual Gangster,Happy Wax,DESAVO,DESAVO,Saks Fifth Avenue OFF 5TH,Keto Cycle,ZAFUL,Rock Bottom Golf,Calzedonia S.p.A.
Uniforme Los Angeles,Nestl,Coolwick.com,Coolwick.com,Beauty Encounter,BABOON TO THE MOON,Lumos Helmet,Collars & Co.,LifeStride
Thahab,Amour Vert,Myles Apparel,Myles Apparel,Indochino,Shore Magic,Gibsonlook,Finish Line,Destination XL
Vasanti Cosmetics US,Rachel Gilbert,Boxraw Ltd US,Boxraw Ltd US,Birchbox,Lane Bryant,Ouidad,Haven Well Within,Coltorti Boutique US
Goal Five,Live Good Inc,NOAH CLOTHING LLC,NOAH CLOTHING LLC,K12,Retrofete,Coolwick.com,Madda Fella,Amour Vert
Girls Crew,Dante 5,Vessi Footwear Ltd.,Vessi Footwear Ltd.,HidrateSpark,MicroPerfumes.com,3.1 Phillip Lim,Tackle Direct,34 Heritage
MicroPerfumes.com,Sweet July,Stahls',Stahls',Monica + Andy,"Johnny Cupcakes, Inc.",American Fighter,Dancewear Solutions,Sperry
ELSE Lingerie,Clean Cult,Skechers,Skechers,Radley & Co. Ltd. (US Program),Afends US,Mia Belle Baby,Cynthia Rowley,Michael Lauren
Honeyskin,MUGLER,BELLA+CANVAS,BELLA+CANVAS,Gigi Pip,SIR The Label,Calzedonia S.p.A.,Stahls',Lorna Jane (US)
With Jean US,MVMT,BowlersMart.com,BowlersMart.com,Smartbuyglasses Optical Limited,AquaVault Inc.,LifeStride,Manduka,Intimissimi
The Apartment,Sienna Naturals,Dancewear Solutions,Dancewear Solutions,French Connection (US),Bali Bras,Coltorti Boutique US,Superga,Schutz Shoes
Halo Sleep,Massimo Dutti,Vintage Brand LLC,Vintage Brand LLC,Verishop Inc,Hunter US and CA,PatPat,Tbdress,Pro Keds
Amour Vert,Lahgo,We Wore What,We Wore What,Maidenform,Balenciaga SA,Steals,Mountain Warehouse USA,DESAVO
Rachel Gilbert,Keys Soulcare,Nadine West,Nadine West,Sanuk,Talbots,AmorePacific,Porsche Design,Goal Five
Bondi Born,Lauren Ross Design,JOLYN,JOLYN,Amaryllis Apparel,Thahab,Lorna Jane (US),Fleet Feet,Mindy Mae's Market
The Pangaia US,Crooks & Castles,BN3TH,BN3TH,Lilla P,Dogeared,Brow Bar by Reema,Snipes USA,Foxcroft
Gage Diamonds,HealAHeel,Pro Keds,Pro Keds,Bluebella,AmeriMark,Things Remembered,Steve Madden,Collars & Co.
Shoclef,Giuseppe Zanotti Mex,Shock Doctor,Shock Doctor,Bodega,Peace Out Skincare,Clinique Online,Big City Sportswear,RoseWe
Baseball Express,Chloe Kristyn,Noize US,Noize US,Orvis,The Apartment,Ever New US,Psycho Bunny Inc.,Nadine West
Dante 5,LYS Beauty,Cutters Sports,Cutters Sports,SHOPAKIRA,Aquae Jewels,Fivestory New York,Tory Burch US,We Wore What
Sweet July,PantryChic,McDavid,McDavid,Alexander Wang,PopSockets.MX,Belstaff,Lattelier Store,BRABAR
EyeJust,Homethreads,Element,Element,FranklinPlanner,4th Ave Market,Chloe Kristyn,Vessi Footwear Ltd.,Haven Well Within
Shore Magic,Haven Well Within,Billabong,Billabong,PandaHall,Reformation,LYS Beauty,Famous Footwear,Madda Fella
MUGLER,Lunya,Primitive Skate,Primitive Skate,YLANG23,K12,Bogs Footwear (Weyco),TimeForMeCatalog.com,"Nice Kicks Retail, LLC"
AquaVault Inc.,Rakuten Rewards,Sheertex,Sheertex,IRO (US),Ooh La Luxe,Yonka USA,Natori,Myles Apparel
Compression Sale,James Allen,Mack Weldon,Mack Weldon,Johnny Bigg USA,Monica + Andy,Collars & Co.,KnowFashionStyle,Noize US
Umbro,RealRooms,Shoe Sensation,Shoe Sensation,Bandolier,Motherhood,Beauty Encounter,Amour Vert,Shoe Sensation
Massimo Dutti,Dr Oz Sleep,Superdry (US),Superdry (US),Peacock Alley,All Saints US,Saks Fifth Avenue OFF 5TH,Free People,Hanes.com
Jack Wills US,Aurum Brothers,Gibsonlook,Gibsonlook,Crazy Shirts,With Jean US,Matt & Nat,Intimissimi,
Parisa Wang,MagicalButter,RoseWe,RoseWe,marimekko,Merle Norman,Origins Online,Sweaty Betty US,
Lahgo,Fivestory New York,Solid & Striped,Solid & Striped,Careste,Smartbuyglasses Optical Limited,Indochino,Onlineshoes.com,
Martha,Something Navy,Onzie,Onzie,Wolf & Badger US,French Connection (US),Birchbox,Hat Club,
MBT,Frank & Eileen,Hat Club,Hat Club,Kule,Baltini,Good Counsel,Baseball Express,
INNOVO,HidrateSpark,LIVELY,LIVELY,Sugar,doors.,Shoptiques,ASICS America,
Point 3 Basketball,Sugar,Porsche Design,Porsche Design,Suzanne Somers,Maxi-Cosi,Gobi Heat,Nadine West,
MINDD,Lakeside Casual,34 Heritage,34 Heritage,Sophie Ratner Jewelry,Onepiece,Modanisa,Cufflinks.com,
Lauren Ross Design,Brow Bar by Reema,JD Sports,JD Sports,SiO Beauty,Maidenform,Charlotte Russe,Noize US,
Crooks & Castles,Georg Jensen,Descente,Descente,Monica Vinader (US),Parisa Wang,Aimee Kestenberg,Quiksilver Retail Inc - DC Shoes,
Social Threads,Bill Levkoff,Cynthia Rowley,Cynthia Rowley,ELSE Lingerie,Windy City Novelties,Dermaflash,Chaco,
HealAHeel,Limonada,Kit and Ace Technical Apparel Inc.,Kit and Ace Technical Apparel Inc.,mytheresa.com (US/CA),"ban.do Designs, LLC",Haven Well Within,Hanes.com,
LovBe,Ogee,JD Sports Singapore,JD Sports Singapore,Zadig & Voltaire (US),Sanuk,Madda Fella,Christy Dawn,
Giuseppe Zanotti Mex,Katin USA,Tory Burch US,Tory Burch US,Kerastase,Victorian Trading Co.,Naturepedic,Billabong,
Klarna,Uber Bazaar,Coltorti Boutique US,Coltorti Boutique US,OFRA Cosmetics,Evening Collective,HidrateSpark,2Star,
Chloe Kristyn,Temple Spa US,Golf Avenue,Golf Avenue,Laura Mercier,Bluebella,BioIonic,Point 3 Basketball,
LYS Beauty,OROA,Madda Fella,Madda Fella,Neiman Marcus,Pureology,Radley & Co. Ltd. (US Program),Athletic Propulsion Labs,
Haven Well Within,The Adventure Challenge,Oxygen Plus,Oxygen Plus,"O'Neill, La Jolla Group",Bodega,Nook Sleep,Solid & Striped,
Faithfull The Brand US,Zebit,Calzedonia S.p.A.,Calzedonia S.p.A.,grace von,Paravel,Mirta,Hat Country LLC,
Lunya,Hemp Black,Free People,Free People,Lungolivigno Fashion,Orvis,milkmakeup.com,BN3TH,
Kate McLeod,Twist Hair,Big City Sportswear,Big City Sportswear,Betsey Johnson,At Present,Gigi Pip,Proviz (US),
Mille,NAADAM,Schutz Shoes,Schutz Shoes,Bounty Hunter Rare Wine & Spirits,I Love Jewelry,Shop Allison,Overton's,
Knight & Daisy,Beverly Glen Laboratories,Proviz (US),Proviz (US),Fred Segal,HUGO BOSS,Beddinginn,Umbro,
Greenwich St. Jewelers,Irene is Good,Onlineshoes.com,Onlineshoes.com,KRKC&CO,Martha,Verishop Inc,SmokeRise,
Keto Cycle,Yonka USA,Michael Lauren,Michael Lauren,Raise.com,Blooms Today,Nuuly,Katin USA,
James Allen,Lumos Helmet,Hat Country LLC,Hat Country LLC,Social Threads,Bergdorf Goodman (Neiman Marcus),Seraphine LTD,BowlersMart.com,
Sophie Ratner Jewelry,Lululemon APAC,"Nice Kicks Retail, LLC","Nice Kicks Retail, LLC",Montana West World,Lane Crawford - US,Agent Provocateur (US),JOLYN,
barrière,Safety 1st,GIGLIO.COM s.p.a (US),GIGLIO.COM s.p.a (US),River Island - US,Jimmy Choo - US,Student Beans (US),Superdry (US),
Aurum Brothers,Good Counsel,Shoe Palace,Shoe Palace,Lauren Moshi,"7 For All Mankind, a division of DG Premium Brands, LLC",Wolf & Shepherd,Destination XL,
Afends US,CleanBoss Inc,Mountain Warehouse USA,Mountain Warehouse USA,American Leather Co.,Sundance Catalog,Harvey Nichols US,Ryka,
Fred Segal,Yellowpop,Chantelle Lingerie,Chantelle Lingerie,Pamela Love,Altuzarra,Superga,Nap Loungewear,
Fivestory New York,The Rug Company US,Fleet Feet,Fleet Feet,aldoshoes.com USA,L'ovedbaby,Amaryllis Apparel,Schutz Shoes,
Merle Norman,Fame and Partners,Mavi,Mavi,Hush Puppies,Crazy Shirts,Trunk Club,Pro Keds,
UNIQLO Hong Kong,Weddingstar US,Athletic Propulsion Labs,Athletic Propulsion Labs,Zodiac Shoes,Pedro Shoes,Lilla P,Mindy Mae's Market,
Something Navy,Black Iris,Ryka,Ryka,Berrylook,shoes.com,ASOS (USA),Harley Davidson Footwear,
Frank & Eileen,SmokeRise,Mindy Mae's Market,Mindy Mae's Market,Ralph Lauren,EliteBaby,Uniforme Los Angeles,RoseWe,
Culture Kings US,Wolf & Shepherd,Intimissimi,Intimissimi,Jack Wills US,Hoka One,Lab Series for Men,We Wore What,
HidrateSpark,Charlotte Russe,Lorna Jane (US),Lorna Jane (US),Skinny Tan USA,Wolf & Badger US,JW Anderson,BRABAR,
Sugar,Mywalit US,SwimOutlet.com,SwimOutlet.com,CULTNAKED,Careste,Mother Denim,Merrell,
Careste,Nomad Grills,Nike Asia Pacific,Nike Asia Pacific,Frank & Eileen,Playful Promises,Sweet July,Boxraw Ltd US,
Brow Bar by Reema,Mia Belle Baby,ASICS America,ASICS America,A Pea In The Pod,Cacique,The Men's Wearhouse,Myles Apparel,
Georg Jensen,Sparitual,Harley Davidson Footwear,Harley Davidson Footwear,Echo New York,Kevyn Aucoin Beauty,CLMBR,Descente,
Hope Health Supply,Pamela Munson,Sweaty Betty US,Sweaty Betty US,"Calvin Klein, Inc.",Chamberlain Coffee,ettitude US,Joes New Balance Outlet,
Bill Levkoff,Ginette-NY,Everyday Yoga,Everyday Yoga,TESSABIT (US) - SAM GP S.r.l.,trestique,Roller Rabbit,Chantelle Lingerie,
Limonada,Nat Geo Wines of the World,Snipes USA,Snipes USA,Girls Crew,Suzanne Somers,Steve Madden,Shoe Palace,
Trollbeads US,Montavue,SPRI.com,SPRI.com,M.M. LaFleur,Maurices,bareMinerals,"Affliction Holdings, LLC",
Katin USA,Echo New York,New Balance Athletic Shoe,,SNIDEL,Sophie Ratner Jewelry,NAADAM,MINDD,
Olympia Sports,NIUCOCO,Joes New Balance Outlet,,Apparis,Hey Honey,HealAHeel,Lolë US,
Hemp Black,Christy Dawn,Tbdress,,COS,Shop BAZAAR,SHOPAKIRA,Olympia Sports,
Twist Hair,Apparis,ECCO,,Shopbop,Burberry (US),Alexander Wang,JD Sports,
EliteBaby,Obagi Medical,Foxcroft,,Hair.com,Stoney Clover Lane,Psycho Bunny Inc.,Kit and Ace Technical Apparel Inc.,
NAADAM,Movado Company Store,Topps,,JanSport,Nili Lotan,Henry Rose,YCMC,
Irene is Good,Movado,Cufflinks.com,,Nathan Sports,Miansai,Ramy Brook,Skechers,
Ksubi US,Anson Calder,Overton's,,Koh Gen Do Cosmetics,Speidel,"JAE. CO., LTD",Nike Asia Pacific,
Yonka USA,Rover,Saucony,,PeruvianConnection.com,barrière,Johnston & Murphy,ECCO,
Lumos Helmet,Psycho Bunny Inc.,Wolverine,,Sukoshi Mart US,Physicians Formula,FranklinPlanner,The Pangaia US,
PatBO,BRABAR,Sperry,,JuJuBe Intl LLC,SiO Beauty,PandaHall,Nunn Bush,
Retrofete,TPH By Taraji,Bates Footwear,,FLASHYBOX,Commando,Vessi Footwear Ltd.,Onzie,
L'ovedbaby,DESAVO,Chaco,,Charles and Colvard,Beginning Boutique US,Grayson,McDavid,
Good Counsel,St. John Knits,Merrell,,Banda Bags,ELSE Lingerie,Venue Marketplace,34 Heritage,
Woolrich,Coolwick.com,LifeStride,,Bzees,DERMAE,YLANG23,Sperry,
Fame and Partners,Salvatore Ferragamo - US,Famous Footwear,,TOMS Surprise Sale,Tony Bianco US,IRO (US),Michael Lauren,
Milwaukee Boot Co.,ettitude US,Tackle Direct,,LuxeDH,Ksubi US,Johnny Bigg USA,MBT,
Weddingstar US,Myles Apparel,Quiksilver Retail Inc - DC Shoes,,NIUCOCO,Cat Footwear,Brochu Walker,DESAVO,
Bali Bras,Inkkas,Quiksilver Retail Inc.,,Sulwhasoo,UGG,Amour Vert,Goal Five,
Black Iris,BSEID,Manduka,,Element Case,Urban Outfitters (US),Bandolier,Cutters Sports,
Simone I. Smith,Bodum (US),Finish Line,,Dean Davidson,mytheresa.com (US/CA),Peacock Alley,Foxcroft,
SmokeRise,Rachio,YCMC,,Daniel Wellington,Colleen Rothschild Beauty,Keds,NOAH CLOTHING LLC,
Charlotte Russe,Anna Beck,Steve Madden,,Cath Kidston,Zadig & Voltaire (US),Intimissimi,Saucony,
Wolf & Shepherd,Akris,Superga,,Hemp Black,PREMIUM BANDAI USA,marimekko,SwimOutlet.com,
Bona Fide Masks,Liberty London US,Destination XL,,Design Milk,RVCA US,Marissa Collections,FeelGoodSTORE.com,
Mywalit US,Jennifer Behr LLC,FeelGoodSTORE.com,,DESIRE RIVIERA MAYA RESORT,OFRA Cosmetics,Gelato Pique,"Nice Kicks Retail, LLC",
Mia Belle Baby,Henry Rose,Natori,,Mignonne Gavigan,Mud Pie,Jennifer Adams Inc,Shoe Sensation,
Sparitual,Verishop Inc,"Affliction Holdings, LLC",,Koolaburra,Marc Fisher Footwear,Bobbi Brown Cosmetics,,
Pamela Munson,Allposters.com,Rock Bottom Golf,,Littman Jewelers,Beauty Brands,Kule,,
Ginette-NY,Home Depot Mexico,Nunn Bush,,Culture Kings US,LensPure,Cos Bar Retail LLC,,
4th Ave Market,Max Warehouse,TimeForMeCatalog.com,,EyeJust,"O'Neill, La Jolla Group",Nadine West,,
Monti Boutique,Carmen Sol,Hanes.com,,3.1 Phillip Lim,PatBO,Saks Fifth Avenue,,
Montana West World,Linens and Hutch,Champion.com (Hanesbrands Inc.),,Mia Belle Baby,"MCM Products USA, Inc.",Sugar,,
Echo New York,Johnny Bigg USA,justmysize.com (Hanesbrands Inc.),,"Johnny Cupcakes, Inc.",DoctorInSole,CAMI,,
NIUCOCO,Vessi Footwear Ltd.,onehanesplace.com (Hanesbrands Inc.),,Steals,Tommy Hilfiger,Vince Camuto,,
Christy Dawn,Skechers,"Cutter and Buck, Inc.",,Brow Bar by Reema,Lungolivigno Fashion,MUGLER,,
Nordstrom Rack,BELLA+CANVAS,"Gaiam.com, Inc",,Hunter US and CA,Neely & Chloe,Noize US,,
Apparis,Coop Home Goods,Paul Fredrick MenStyle,,PopSockets.MX,FRMODA,Jack Rogers,,
Speidel,U Beauty,,,Good Counsel,Bounty Hunter Rare Wine & Spirits,Inkkas,,
SIR The Label,Mirta,,,Reformation,Fred Segal,Monica Vinader (US),,
Movado Company Store,FLASHYBOX,,,Modanisa,Ann Taylor,Cupshe,,
Movado,Blurb,,,Naturepedic,Trollbeads US,Lauren Ross Design,,
Baltini,Diamond Candles,,,BioIonic,Hawes and Curtis,Hanes.com,,
Anson Calder,Amora Coffee LLC,,,Ooh La Luxe,Color and Co,Christy Dawn,,
Psycho Bunny Inc.,CardCash,,,All Saints US,Social Threads,Princess Polly US,,
KnowFashionStyle,Art.com,,,milkmakeup.com,Jambu,MyUS.com,,
Deborah Pagani LLC,KRKC&CO,,,With Jean US,River Island - US,2Star,,
BRABAR,Cabana Magazine,,,Maxi-Cosi,Montana West World,Naturalizer,,
Commando,KonMari,,,Student Beans (US),LOFT,Georg Jensen,,
KUHL,We Wore What,,,Harvey Nichols US,INNOVO,Kerastase,,
DESAVO,Nadine West,,,Trunk Club,Merlette NYC,Laura Mercier,,
St. John Knits,Purple,,,Victorian Trading Co.,Lauren Moshi,Silk Maison,,
Coolwick.com,Supergoop,,,Evening Collective,Intimina,Neiman Marcus,,
IN COMMON Beauty,Ekster,,,Lab Series for Men,American Leather Co.,Cotton On (US),,
AnotherTomorrow,JOLYN,,,The Men's Wearhouse,illesteva,Black Iris,,
Zodiac Shoes,Castlery Inc,,,bareMinerals,Spiritual Gangster,Eloquii,,
Salvatore Ferragamo - US,Canary,,,"JAE. CO., LTD",Hytest,Algenist,,
ettitude US,BN3TH,,,Johnston & Murphy,Pamela Love,Dante 5,,
Myles Apparel,Kut from the Kloth,,,Lane Crawford - US,Italist.com US,Bond No 9,,
Lungolivigno Fashion,American Fighter,,,Jimmy Choo - US,DolceVita.com,Sonix,,
Inkkas,Pro Keds,,,"7 For All Mankind, a division of DG Premium Brands, LLC",Proenza Schouler LLC,Biffi Boutique Spa,,
Vera Bradley Outlet,Noize US,,,Brochu Walker,Fawn Design,The Webster,,
Pamela Love,Gigi Pip,,,Pedro Shoes,Honeyskin,Hat Country LLC,,
BABOON TO THE MOON,Click & Grow,,,Marissa Collections,Teva,Fred Meyer Jewelers,,
PREMIUM BANDAI USA,Every Man Jack,,,Gelato Pique,Leam,grace von,,
Nili Lotan,Ever New US,,,EliteBaby,aldoshoes.com USA,VITKAC,,
Beginning Boutique US,Shop Olivia,,,Cacique,Sequin,Lunya,,
OFRA Cosmetics,Hair.com,,,Kevyn Aucoin Beauty,Hush Puppies,BN3TH,,
trestique,FineStationery,,,Hey Honey,TEMPTATION CANCUN RESORT,Betsey Johnson,,
Anna Beck,Thakoon,,,Vince Camuto,What Goes Around Comes Around,Bloomingdale's,,
Akris,Sheertex,,,Shop BAZAAR,Klarna,Proviz (US),,
Bzees,FarmRio,,,Jack Rogers,Zodiac Shoes,MAC Cosmetics,,
Jennifer Behr LLC,LNA Clothing,,,Cupshe,UNIQLO Hong Kong,peltzshoes.com,,
Henry Rose,Blueland,,,Lauren Ross Design,Berrylook,Dear Frances,,
Verishop Inc,BioIonic,,,DERMAE,LovBe,KRKC&CO,,
Peace Out Skincare,Harvey Nichols US,,,Cat Footwear,Interweave,Raise.com,,
Boxraw Ltd US,Mack Weldon,,,MyUS.com,Jack Wills US,Jos. A. Bank,,
MyUS Shopping,The List,,,Naturalizer,Knight & Daisy,SmokeRise,,
Carmen Sol,Grayson,,,Silk Maison,Dressbarn,Veronica Beard,,
Johnny Bigg USA,Kohler,,,Marc Fisher Footwear,L'AGENCE,Bill Levkoff,,
Maxi-Cosi,Evapolar,,,Beauty Brands,Deborah Pagani LLC,Forsake US,,
Color and Co,Smarty Had A Party,,,PatBO,Kate McLeod,JOLYN,,
NOAH CLOTHING LLC,eLuxury Supply,,,Lunya,The MET,Alexandre Birman,,
Vessi Footwear Ltd.,Shoe Sensation,,,Bloomingdale's,New Era,James Allen,,
1822 Denim,Weleda,,,Neely & Chloe,A Pea In The Pod,Numero 21,,
Stahls',Cut Maps,,,peltzshoes.com,"Calvin Klein, Inc.",Katin USA,,
American Leather Co.,Metal Unlimited,,,Jos. A. Bank,SOKO,St. John Knits,,
Tuckernuck,Princess Polly US,,,LOFT,Vasanti Cosmetics US,Destination XL,,
Merlette NYC,Nuuly,,,Intimina,theseptember.com,Ginette-NY,,
Skechers,ViscoSoft,,,illesteva,SNIDEL,Sparitual,,
BELLA+CANVAS,Shop Allison,,,Vince Unfold,Dr. Scholl's Shoes,Schutz Shoes,,
BowlersMart.com,Numero 21,,,Hytest,Vera Bradley Outlet,Vince Unfold,,
All Saints US,Party Lite,,,Vince LLC,Faithfull The Brand US,Vince LLC,,
U Beauty,Brochu Walker,,,Italist.com US,COS,Pro Keds,,
Stoney Clover Lane,Fresh US,,,DolceVita.com,Mille,Mywalit US,,
Hey Honey,Gelato Pique,,,Movado Company Store,Tuckernuck,Something Navy,,
Petal & Pup US,Student Beans (US),,,What Goes Around Comes Around,Bourbon and Boweties,Limonada,,
Dancewear Solutions,Gibsonlook,,,Klarna,MyUS Shopping,Mindy Mae's Market,,
Mirta,RoseWe,,,UNIQLO Hong Kong,"Aden and Anais, Inc.",Rodd & Gunn US,,
FLASHYBOX,Harriet Carter Gifts,,,FarmRio,Bona Fide Masks,Akris,,
Diamond Candles,Things Remembered,,,Deborah Pagani LLC,Tods,LovelyWholesale,,
DESIRE RIVIERA MAYA RESORT,BioTopic,,,Tatcha,Nathan Sports,RoseWe,,
TEMPTATION CANCUN RESORT,M.M. LaFleur,,,Carmen Sol,The Cambridge Satchel Co.,Onia,,
KRKC&CO,Tata Harper,,,SOKO,1800AnyLens Contacts,We Wore What,,
Church's Footwear US,Jennifer Adams Inc,,,Lahgo,1822 Denim,TOMS Shoes,,
New Era,Camp Chef,,,Mille,JuJuBe Intl LLC,BRABAR,,
Neely & Chloe,Our Campus Market,,,Bourbon and Boweties,Halo Sleep,Laneige,,
Vintage Brand LLC,Wander Beauty,,,Fashion Bunker - BNKR,FitFlop,Fame and Partners,,
We Wore What,Onzie,,,Bona Fide Masks,IN COMMON Beauty,Myles Apparel,,
Nadine West,Engel Coolers,,,Pamela Munson,Popsockets,Movado Company Store,,
Ekster,Onia,,,LNA Clothing,Banda Bags,Irene is Good,,
Monica + Andy,Beyond Polish,,,Ekster,Bzees,FarmRio,,
JOLYN,Eloquii,,,1800AnyLens Contacts,Scotch & Soda (US),Ralph Lauren,,
BN3TH,Nécessaire,,,1822 Denim,Simone I. Smith,Giuseppe Zanotti US,,
Kut from the Kloth,Di Pierro,,,FitFlop,Gage Diamonds,Massimo Dutti,,
American Fighter,The Luxury Closet,,,BCBGMAXAZRIA,TOMS Surprise Sale,Chantelle Lingerie,,
Pro Keds,Slumber Cloud,,,Gage Diamonds,Life In Lilac,Skinny Tan USA,,
Toynk Toys,Vince Unfold,,,Life In Lilac,AnotherTomorrow,CULTNAKED,,
Shock Doctor,Armoire Style,,,Savannah's,Bondi Born,Shoe Palace,,
Noize US,LovelyWholesale,,,STYLEBOP.com (US),Wigsbuy.com,Shop Olivia,,
Cutters Sports,JW Anderson,,,Vilebrequin US,Woolrich,Splendid,,
Nathan Sports,34 Heritage,,,"Vera Bradley Designs, Inc.",Nordstrom Rack,Frank & Eileen,,
Gigi Pip,JD Sports,,,U Beauty,Vilebrequin US,Ful.com,,
McDavid,DockATot,,,Stoney Clover Lane,Element Case,Tatcha,,
Element,Life and Home,,,Sea New York,Melinda Maria,Anson Calder,,
Billabong,BAKblade,,,Armoire Style,Sea New York,Echo New York,,
Evening Collective,UrbanStems,,,"NutriSystem, Inc.",Monti Boutique,BAKblade,,
Ever New US,Aimee Kestenberg,,,Shoclef,Foreo,TESSABIT (US) - SAM GP S.r.l.,,
Primitive Skate,Dean Davidson,,,The Irish Store,"NutriSystem, Inc.",JD Sports,,
Shop Olivia,Gobi Heat,,,Saturdays NYC,Rebecca Taylor,Carmen Sol,,
Hair.com,Ramy Brook,,,STM Goods,Daniel Wellington,Dr Brandt Skincare,,
Thakoon,Popcornopolis,,,Lilly Pulitzer,,Diamond Candles,,
Fawn Design,4seating.com,,,Weddingstar US,,Girls Crew,,
Sheertex,Alexandre Birman,,,Frame Denim,,Lahgo,,
FarmRio,Bandolier,,,STAUD,,M.M. LaFleur,,
LNA Clothing,Amanda Lindroth,,,Dango Products,,Skechers,,
Birdy Grey,HELM Boots,,,BH Cosmetics,,Jedora,,
BioIonic,Wet n Wild,,,Salvatore Ferragamo - US,,Beyond Polish,,
Harvey Nichols US,Rodd & Gunn US,,,District 5 Boutique LLC,,Apparis,,
Mack Weldon,Sonix,,,Shore Magic,,ECCO,,
The List,Biffi Boutique Spa,,,Retrofete,,Giuseppe Zanotti Mex,,
Grayson,Coltorti Boutique US,,,Fivestory New York,,Rachel Gilbert,,
Tony Bianco US,Madda Fella,,,Talbots,,Shopbop,,
Shoe Sensation,Nook Sleep,,,Thahab,,Twist Hair,,
PerfectLensWorld,BITE Beauty,,,LYS Beauty,,HELM Boots,,
LensPure,Ross & Snow,,,Peace Out Skincare,,Onzie,,
Princess Polly US,Bugatchi,,,Yonka USA,,Shu Uemura Art of Hair,,
Nuuly,Dr Schulze’s,,,Aquae Jewels,,The Luxury Closet,,
Element Case,Rakuten Global Express,,,Matt & Nat,,Hair.com,,
STM Goods,JOANN Stores,,,Charlotte Russe,,JanSport,,
Daniel Wellington,milkmakeup.com,,,Aimee Kestenberg,,Fashion Bunker - BNKR,,
Shop Allison,VITKAC,,,Dermaflash,,Shoemall.com,,
Numero 21,marimekko,,,Nook Sleep,,Maryland Square,,
PopSockets.MX,Calzedonia S.p.A.,,,Mirta,,Koh Gen Do Cosmetics,,
Superdry (US),District 5 Boutique LLC,,,Beddinginn,,Sperry,,
SNIDEL,Dear Frances,,,Baltini,,Pamela Munson,,
Bourbon and Boweties,Koh Gen Do Cosmetics,,,Nuuly,,Michael Lauren,,
Brochu Walker,Amaryllis Apparel,,,Seraphine LTD,,34 Heritage,,
Gelato Pique,Schutz Shoes,,,Onepiece,,Perfume.com,,
Student Beans (US),Algenist,,,Agent Provocateur (US),,PeruvianConnection.com,,
Gibsonlook,BUXOM Cosmetics,,,Wolf & Shepherd,,LNA Clothing,,
SiO Beauty,Photography.com,,,"ban.do Designs, LLC",,Rebecca Minkoff US,,
SOKO,Creativegallery.com,,,ASOS (USA),,Ekster,,
RoseWe,Laithwaite's Wine,,,Uniforme Los Angeles,,DockATot,,
Things Remembered,WSJwine,,,JW Anderson,,Sukoshi Mart US,,
M.M. LaFleur,"Noritake Co., Inc.",,,NAADAM,,FLASHYBOX,,
Design Milk,Roller Rabbit,,,At Present,,DESAVO,,
Berrylook,Simpli-Home.com,,,Henry Rose,,Charles and Colvard,,
Spinnaker Watches,Proviz (US),,,Martha,,"NIC+ZOE (NICANDZOE, NIC&ZOE)",,
JuJuBe Intl LLC,Jura Shop,,,Grayson,,Goal Five,,
Bodega,MODES US,,,Blooms Today,,Angara.com,,
Jennifer Adams Inc,"SodaStream USA, inc",,,Jennifer Adams Inc,,Foxcroft,,
Tods,The Lovesac Company,,,Hoka One,,Kirna Zabete,,
Cacique,"JAE. CO., LTD",,,Playful Promises,,BCBGMAXAZRIA,,
Solid & Striped,Splendid,,,Cos Bar Retail LLC,,yoox.com,,
Onzie,Malin+Goetz,,,Chamberlain Coffee,,A.L.C,,
STAUD,BRIC'S MILANO,,,CAMI,,LuxeDH,,
Falconeri,bareMinerals,,,Nili Lotan,,NIUCOCO,,
Onia,BCBGMAXAZRIA,,,Miansai,,Sulwhasoo,,
Master & Dynamic US,Skinny Tan USA,,,barrière,,Stacy Adams,,
Beyond Polish,Trunk Club,,,Physicians Formula,,Savannah's,,
Blooms Today,Dango Products,,,Commando,,STYLEBOP.com (US),,
Hat Club,Cos Bar Retail LLC,,,Ksubi US,,Benefit Cosmetics LLC,,
Ooh La Luxe,Laneige,,,Colleen Rothschild Beauty,,"Nice Kicks Retail, LLC",,
Dressbarn,Michael Lauren,,,PREMIUM BANDAI USA,,"Vera Bradley Designs, Inc.",,
Eloquii,Hat Country LLC,,,Georg Jensen,,U Beauty,,
The Luxury Closet,"Nice Kicks Retail, LLC",,,Cotton On (US),,Aurum Brothers,,
Vince Unfold,IRO (US),,,Black Iris,,Movado,,
LIVELY,LXRandCo,,,Eloquii,,Armoire Style,,
Armoire Style,Shopbop,,,Mud Pie,,Dean Davidson,,
Victorinox US,Dermaflash,,,Algenist,,Shoe Sensation,,
Porsche Design,MDF Instruments US,,,LensPure,,MODES US,,
LovelyWholesale,My Evergreen,,,"MCM Products USA, Inc.",,Ross & Snow,,
JW Anderson,JanSport,,,Tommy Hilfiger,,,,
34 Heritage,Seraphine LTD,,,FRMODA,,,,
JD Sports,Peacock Alley,,,MAC Cosmetics,,,,
DockATot,Chesapeake Fine Foods,,,Ann Taylor,,,,
Maidenform,Shoe Palace,,,Forsake US,,,,
illesteva,Ful.com,,,James Allen,,,,
Descente,GeekBuying.com,,,Numero 21,,,,
BAKblade,Mignonne Gavigan,,,Alexandre Birman,,,,
Cynthia Rowley,FranklinPlanner,,,St. John Knits,,,,
Hytest,A.L.C,,,Merlette NYC,,,,
Pedro Shoes,CAMI,,,Limonada,,,,
Kit and Ace Technical Apparel Inc.,Lilly Pulitzer,,,Rodd & Gunn US,,,,
Sea New York,Frame Denim,,,LovelyWholesale,,,,
Melinda Maria,Costway,,,Proenza Schouler LLC,,,,
Aimee Kestenberg,Chantelle Lingerie,,,Fawn Design,,,,
Miansai,The Webster,,,Honeyskin,,,,
Leam,Mavi,,,TOMS Shoes,,,,
Dean Davidson,The Men's Wearhouse,,,Teva,,,,
Kevyn Aucoin Beauty,Modanisa,,,Laneige,,,,
JD Sports Singapore,Giuseppe Zanotti US,,,Leam,,,,
I Love Jewelry,MAC Cosmetics,,,TEMPTATION CANCUN RESORT,,,,
Gobi Heat,Dr Brandt Skincare,,,LovBe,,,,
Paravel,Mindy Mae's Market,,,Giuseppe Zanotti US,,,,
Physicians Formula,Intimissimi,,,Interweave,,,,
UGG,stickeryou.com,,,Massimo Dutti,,,,
Teva,Lorna Jane (US),,,Kate McLeod,,,,
Koolaburra,KAPLAN MD Skincare,,,Shop Olivia,,,,
Hoka One,AmorePacific,,,Vasanti Cosmetics US,,,,
Sanuk,Sulwhasoo,,,Diamond Candles,,,,
Ramy Brook,Indochino,,,Jedora,,,,
Popsockets,Bond No 9,,,Vera Bradley Outlet,,,,
Alexandre Birman,Cotton On (US),,,Faithfull The Brand US,,,,
Jambu,Cupshe,,,Giuseppe Zanotti Mex,,,,
Bandolier,GLAMGLOW,,,HELM Boots,,,,
Tory Burch US,Kidrobot,,,MyUS Shopping,,,,
DoctorInSole,Carol's Daughter,,,The Luxury Closet,,,,
HELM Boots,ePromos,,,Tods,,,,
Rodd & Gunn US,Veronica Beard,,,The Cambridge Satchel Co.,,,,
Sonix,Fashion Bunker - BNKR,,,DockATot,,,,
K12,The Irish Store,,,"NIC+ZOE (NICANDZOE, NIC&ZOE)",,,,
Biffi Boutique Spa,Mother Denim,,,IN COMMON Beauty,,,,
Coltorti Boutique US,Tamara Mellon,,,Simone I. Smith,,,,
Madda Fella,Lilla P,,,A.L.C,,,,
Nook Sleep,Shu Uemura Art of Hair,,,Stacy Adams,,,,
"Johnny Cupcakes, Inc.",Kerastase,,,Bondi Born,,,,
Ross & Snow,Rebecca Minkoff US,,,Wigsbuy.com,,,,
Bugatchi,Spa and Wellness Gift Card by Spa Week,,,Woolrich,,,,
Bellroy,factorydirectfilters.com,,,Benefit Cosmetics LLC,,,,
theseptember.com,"NIC+ZOE (NICANDZOE, NIC&ZOE)",,,Movado,,,,
Vilebrequin US,Living Proof,,,Monti Boutique,,,,
"Calvin Klein, Inc.",MyUS.com,,,Angara.com,,,,
milkmakeup.com,Ashley Homestore,,,Foreo,,,,
marimekko,ZAFUL,,,MODES US,,,,
VITKAC,Charles and Colvard,,,Rebecca Taylor,,,,
Windy City Novelties,R.C. Willey,,,Birdy Grey,,,,
Pureology,3.1 Phillip Lim,,,Hope Health Supply,,,,
Calzedonia S.p.A.,Canadapetcare,,,The List,,,,
Free People,The New York Times Store,,,Bugatchi,,,,
Urban Outfitters (US),Meat Processing Products,,,Church's Footwear US,,,,
mytheresa.com (US/CA),Vince LLC,,,Toynk Toys,,,,
Mud Pie,Beddinginn,,,Tamara Mellon,,,,
District 5 Boutique LLC,Matt & Nat,,,Petal & Pup US,,,,
Dear Frances,New Balance Athletic Shoe,,,Carol's Daughter,,,,
Big City Sportswear,Agent Provocateur (US),,,Anna Beck,,,,
FRMODA,Fred Meyer Jewelers,,,Falconeri,,,,
Koh Gen Do Cosmetics,Littman Jewelers,,,ZAFUL,,,,
Amaryllis Apparel,PandaHall,,,Lumos Helmet,,,,
Schutz Shoes,ECCO,,,Ouidad,,,,
Algenist,Vivaterra,,,BABOON TO THE MOON,,,,
Proenza Schouler LLC,Foxcroft,,,PatPat,,,,
Moral Code,peltzshoes.com,,,AquaVault Inc.,,,,
"ban.do Designs, LLC",Topps,,,Things Remembered,,,,
What Goes Around Comes Around,Keurig,,,Ever New US,,,,
Roller Rabbit,Belstaff,,,Balenciaga SA,,,,
L'AGENCE,Amara US,,,AmeriMark,,,,
COS,Chemical Guys,,,The Apartment,,,,
The MET,June Jacobs Spa Collection,,,Bogs Footwear (Weyco),,,,
Proviz (US),Ole Henriksen,,,Origins Online,,,,
MODES US,Saks Fifth Avenue OFF 5TH,,,Shoptiques,,,,
Onlineshoes.com,Monica Vinader (US),,,4th Ave Market,,,,
Tommy Hilfiger,Air Filters Delivered,,,Gobi Heat,,,,
"JAE. CO., LTD",Sam's Club,,,Motherhood,,,,
Suzanne Somers,FlowerShopping.com,,,Shop Allison,,,,
"Aden and Anais, Inc.",SHOPAKIRA,,,Merle Norman,,,,
Splendid,Tatcha,,,doors.,,,,
bareMinerals,Sperry,,,Parisa Wang,,,,
BCBGMAXAZRIA,Keds,,,Windy City Novelties,,,,
Skinny Tan USA,TOMS Shoes,,,Mother Denim,,,,
Trunk Club,PeruvianConnection.com,,,Sweet July,,,,
Dango Products,Naturalizer,,,CLMBR,,,,
Laneige,LifeStride,,,ettitude US,,,,
Cos Bar Retail LLC,LuxeDH,,,Pureology,,,,
Michael Lauren,Ouidad,,,Roller Rabbit,,,,
Lauren Moshi,Raise.com,,,HealAHeel,,,,
Hat Country LLC,Johnston & Murphy,,,Paravel,,,,
"Nice Kicks Retail, LLC",The Grommet,,,I Love Jewelry,,,,
IRO (US),Jos. A. Bank,,,HUGO BOSS,,,,
LXRandCo,NEST New York,,,Ramy Brook,,,,
Shop BAZAAR,Birchbox,,,Venue Marketplace,,,,
Shopbop,Shoptiques,,,Bergdorf Goodman (Neiman Marcus),,,,
Dermaflash,Kule,,,Sundance Catalog,,,,
Motherhood,Betsey Johnson,,,Altuzarra,,,,
A Pea In The Pod,Shoemall.com,,,L'ovedbaby,,,,
DERMAE,Maryland Square,,,Keds,,,,
JanSport,Ralph Lauren,,,shoes.com,,,,
GIGLIO.COM s.p.a (US),Jack Rogers,,,Bobbi Brown Cosmetics,,,,
LOFT,Steve Madden,,,Saks Fifth Avenue,,,,
Ann Taylor,Superga,,,trestique,,,,
Seraphine LTD,Kirna Zabete,,,Maurices,,,,
Peacock Alley,Beauty Encounter,,,MUGLER,,,,
Bluebella,YLANG23,,,Burberry (US),,,,
Sequin,Bogs Footwear (Weyco),,,Speidel,,,,
Shoe Palace,TESSABIT (US) - SAM GP S.r.l.,,,Inkkas,,,,
Ful.com,Molton Brown (US),,,Beginning Boutique US,,,,
Mignonne Gavigan,Vince Camuto,,,Tony Bianco US,,,,
FranklinPlanner,Destination XL,,,UGG,,,,
A.L.C,Alexander Wang,,,Princess Polly US,,,,
CAMI,Aquasana Home Water Filters,,,Urban Outfitters (US),,,,
Mountain Warehouse USA,Savannah's,,,RVCA US,,,,
Lilly Pulitzer,Laura Mercier,,,Dante 5,,,,
Frame Denim,Marissa Collections,,,Bond No 9,,,,
Franco Sarto,Space NK,,,Biffi Boutique Spa,,,,
DolceVita.com,The Shade Store,,,The Webster,,,,
Chantelle Lingerie,Dyson Inc.,,,Fred Meyer Jewelers,,,,
Dogeared,Perfume.com,,,DoctorInSole,,,,
Hawes and Curtis,Flora2000,,,VITKAC,,,,
The Webster,STYLEBOP.com (US),,,Trollbeads US,,,,
Fleet Feet,ASOS (USA),,,Dear Frances,,,,
Mavi,Wind and Weather,,,Hawes and Curtis,,,,
Athletic Propulsion Labs,Radley & Co. Ltd. (US Program),,,Color and Co,,,,
The Men's Wearhouse,Angara.com,,,Veronica Beard,,,,
Modanisa,Naturepedic,,,Bill Levkoff,,,,
Intimina,Bobbi Brown Cosmetics,,,Jambu,,,,
Ryka,Neiman Marcus,,,Sonix,,,,
Giuseppe Zanotti US,Horchow.com (Neiman Marcus),,,Ginette-NY,,,,
MAC Cosmetics,Lab Series for Men,,,INNOVO,,,,
Dr Brandt Skincare,"Vera Bradley Designs, Inc.",,,Sparitual,,,,
Mindy Mae's Market,Origins Online,,,Spiritual Gangster,,,,
"MCM Products USA, Inc.",Clinique Online,,,Mywalit US,,,,
Intimissimi,Benefit Cosmetics LLC,,,Something Navy,,,,
Lorna Jane (US),GiftsForYouNow.com,,,Akris,,,,
AmorePacific,Current Media Group LLC,,,Onia,,,,
Sulwhasoo,Hanes.com,,,Fame and Partners,,,,
Indochino,yoox.com,,,Sequin,,,,
FitFlop,LEGO Brand Retail,,,Irene is Good,,,,
SwimOutlet.com,Bloomingdale's,,,Knight & Daisy,,,,
Bond No 9,Saks Fifth Avenue,,,Dressbarn,,,,
Nike Asia Pacific,"AppliancePartsPros.com, Inc.",,,L'AGENCE,,,,
Italist.com US,Stacy Adams,,,The MET,,,,
Cotton On (US),Florsheim,,,Splendid,,,,
Cupshe,Macys.com,,,New Era,,,,
ASICS America,Champion.com (Hanesbrands Inc.),,,Ful.com,,,,
Saturdays NYC,justmysize.com (Hanesbrands Inc.),,,Anson Calder,,,,
Marc Fisher Footwear,onehanesplace.com (Hanesbrands Inc.),,,BAKblade,,,,
Carol's Daughter,Plow & Hearth,,,Dr Brandt Skincare,,,,
Harley Davidson Footwear,"Cutter and Buck, Inc.",,,theseptember.com,,,,
Veronica Beard,Guthy Renker Corporation,,,Beyond Polish,,,,
Fashion Bunker - BNKR,David's Cookies,,,Dr. Scholl's Shoes,,,,
The Irish Store,"Gaiam.com, Inc",,,Rachel Gilbert,,,,
Mother Denim,Lillian Vernon,,,Twist Hair,,,,
Victorian Trading Co.,Colorful Images,,,Tuckernuck,,,,
Sweaty Betty US,Wine.com,,,Shu Uemura Art of Hair,,,,
Tamara Mellon,Szul.com,,,"Aden and Anais, Inc.",,,,
Lilla P,"Smarthome, Inc.",,,Shoemall.com,,,,
Shu Uemura Art of Hair,NORDSTROM.com,,,Maryland Square,,,,
Kerastase,Smallflower.com,,,Perfume.com,,,,
RVCA US,Paul Fredrick MenStyle,,,Rebecca Minkoff US,,,,
Rebecca Minkoff US,FragranceNet.com,,,Kirna Zabete,,,,
Foreo,"OmahaSteaks.com, Inc.",,,Halo Sleep,,,,
"NIC+ZOE (NICANDZOE, NIC&ZOE)",,,,Popsockets,,,,
Maurices,,,,Scotch & Soda (US),,,,
MyUS.com,,,,yoox.com,,,,
Reformation,,,,AnotherTomorrow,,,,
ZAFUL,,,,Nordstrom Rack,,,,
Charles and Colvard,,,,Aurum Brothers,,,,
3.1 Phillip Lim,,,,Melinda Maria,,,,
Bounty Hunter Rare Wine & Spirits,,,,Ross & Snow,,,,
Everyday Yoga,,,,,,,,
Snipes USA,,,,,,,,
Vince LLC,,,,,,,,
Beddinginn,,,,,,,,
New Balance Athletic Shoe,,,,,,,,
Matt & Nat,,,,,,,,
Joes New Balance Outlet,,,,,,,,
Wolf & Badger US,,,,,,,,
Agent Provocateur (US),,,,,,,,
Fred Meyer Jewelers,,,,,,,,
Littman Jewelers,,,,,,,,
Tbdress,,,,,,,,
TOMS Surprise Sale,,,,,,,,
PandaHall,,,,,,,,
ECCO,,,,,,,,
Beauty Brands,,,,,,,,
Wigsbuy.com,,,,,,,,
Foxcroft,,,,,,,,
Colleen Rothschild Beauty,,,,,,,,
peltzshoes.com,,,,,,,,
Talbots,,,,,,,,
Belstaff,,,,,,,,
Onepiece,,,,,,,,
HUGO BOSS,,,,,,,,
Hunter US and CA,,,,,,,,
Scotch & Soda (US),,,,,,,,
Cufflinks.com,,,,,,,,
shoes.com,,,,,,,,
Balenciaga SA,,,,,,,,
Saks Fifth Avenue OFF 5TH,,,,,,,,
Monica Vinader (US),,,,,,,,
Overton's,,,,,,,,
SHOPAKIRA,,,,,,,,
Orvis,,,,,,,,
Tatcha,,,,,,,,
Wolverine,,,,,,,,
Saucony,,,,,,,,
Hush Puppies,,,,,,,,
Chaco,,,,,,,,
Cat Footwear,,,,,,,,
Bates Footwear,,,,,,,,
Sperry,,,,,,,,
Merrell,,,,,,,,
Keds,,,,,,,,
TOMS Shoes,,,,,,,,
PeruvianConnection.com,,,,,,,,
Lane Bryant,,,,,,,,
Naturalizer,,,,,,,,
Famous Footwear,,,,,,,,
Dr. Scholl's Shoes,,,,,,,,
LifeStride,,,,,,,,
aldoshoes.com USA,,,,,,,,
LuxeDH,,,,,,,,
Ouidad,,,,,,,,
River Island - US,,,,,,,,
Raise.com,,,,,,,,
"O'Neill, La Jolla Group",,,,,,,,
Johnston & Murphy,,,,,,,,
Tackle Direct,,,,,,,,
Jos. A. Bank,,,,,,,,
Lane Crawford - US,,,,,,,,
Birchbox,,,,,,,,
Shoptiques,,,,,,,,
Kule,,,,,,,,
Quiksilver Retail Inc - DC Shoes,,,,,,,,
Quiksilver Retail Inc.,,,,,,,,
Burberry (US),,,,,,,,
Manduka,,,,,,,,
Betsey Johnson,,,,,,,,
Interweave,,,,,,,,
Shoemall.com,,,,,,,,
Maryland Square,,,,,,,,
Ralph Lauren,,,,,,,,
Finish Line,,,,,,,,
Zadig & Voltaire (US),,,,,,,,
Jack Rogers,,,,,,,,
YCMC,,,,,,,,
Rebecca Taylor,,,,,,,,
Jimmy Choo - US,,,,,,,,
Steve Madden,,,,,,,,
Superga,,,,,,,,
Crazy Shirts,,,,,,,,
Kirna Zabete,,,,,,,,
Beauty Encounter,,,,,,,,
YLANG23,,,,,,,,
Bogs Footwear (Weyco),,,,,,,,
TESSABIT (US) - SAM GP S.r.l.,,,,,,,,
Smartbuyglasses Optical Limited,,,,,,,,
Sundance Catalog,,,,,,,,
Vince Camuto,,,,,,,,
1800AnyLens Contacts,,,,,,,,
Destination XL,,,,,,,,
Alexander Wang,,,,,,,,
FeelGoodSTORE.com,,,,,,,,
BH Cosmetics,,,,,,,,
Savannah's,,,,,,,,
Laura Mercier,,,,,,,,
Cath Kidston,,,,,,,,
Marissa Collections,,,,,,,,
Perfume.com,,,,,,,,
Natori,,,,,,,,
"7 For All Mankind, a division of DG Premium Brands, LLC",,,,,,,,
"Affliction Holdings, LLC",,,,,,,,
STYLEBOP.com (US),,,,,,,,
ASOS (USA),,,,,,,,
Radley & Co. Ltd. (US Program),,,,,,,,
Angara.com,,,,,,,,
French Connection (US),,,,,,,,
Naturepedic,,,,,,,,
Rock Bottom Golf,,,,,,,,
Bergdorf Goodman (Neiman Marcus),,,,,,,,
Bobbi Brown Cosmetics,,,,,,,,
Nunn Bush,,,,,,,,
TimeForMeCatalog.com,,,,,,,,
Neiman Marcus,,,,,,,,
Lab Series for Men,,,,,,,,
"Vera Bradley Designs, Inc.",,,,,,,,
Origins Online,,,,,,,,
Clinique Online,,,,,,,,
Benefit Cosmetics LLC,,,,,,,,
AmeriMark,,,,,,,,
Hanes.com,,,,,,,,
yoox.com,,,,,,,,
Bloomingdale's,,,,,,,,
Saks Fifth Avenue,,,,,,,,
"NutriSystem, Inc.",,,,,,,,
Stacy Adams,,,,,,,,
illesteva,,,,,,,,
Descente,,,,,,,,
BAKblade,,,,,,,,
Cynthia Rowley,,,,,,,,
Hytest,,,,,,,,
Pedro Shoes,,,,,,,,
Kit and Ace Technical Apparel Inc.,,,,,,,,
Sea New York,,,,,,,,
Melinda Maria,,,,,,,,
Aimee Kestenberg,,,,,,,,
Miansai,,,,,,,,
Leam,,,,,,,,
Dean Davidson,,,,,,,,
Kevyn Aucoin Beauty,,,,,,,,
JD Sports Singapore,,,,,,,,
I Love Jewelry,,,,,,,,
Gobi Heat,,,,,,,,
Paravel,,,,,,,,
Physicians Formula,,,,,,,,
UGG,,,,,,,,
Teva,,,,,,,,
Koolaburra,,,,,,,,
Hoka One,,,,,,,,
Sanuk,,,,,,,,
Ramy Brook,,,,,,,,
Popsockets,,,,,,,,
Alexandre Birman,,,,,,,,
Jambu,,,,,,,,
Bandolier,,,,,,,,
Tory Burch US,,,,,,,,
DoctorInSole,,,,,,,,
HELM Boots,,,,,,,,
Rodd & Gunn US,,,,,,,,
Sonix,,,,,,,,
K12,,,,,,,,
Biffi Boutique Spa,,,,,,,,
Coltorti Boutique US,,,,,,,,
Madda Fella,,,,,,,,
Nook Sleep,,,,,,,,
"Johnny Cupcakes, Inc.",,,,,,,,
Ross & Snow,,,,,,,,
Bugatchi,,,,,,,,
Bellroy,,,,,,,,
theseptember.com,,,,,,,,
Vilebrequin US,,,,,,,,
"Calvin Klein, Inc.",,,,,,,,
milkmakeup.com,,,,,,,,
marimekko,,,,,,,,
VITKAC,,,,,,,,
Windy City Novelties,,,,,,,,
Pureology,,,,,,,,
Calzedonia S.p.A.,,,,,,,,
Free People,,,,,,,,
Urban Outfitters (US),,,,,,,,
mytheresa.com (US/CA),,,,,,,,
Mud Pie,,,,,,,,
District 5 Boutique LLC,,,,,,,,
Dear Frances,,,,,,,,
Big City Sportswear,,,,,,,,
FRMODA,,,,,,,,
Koh Gen Do Cosmetics,,,,,,,,
Amaryllis Apparel,,,,,,,,
Schutz Shoes,,,,,,,,
Algenist,,,,,,,,
Proenza Schouler LLC,,,,,,,,
Moral Code,,,,,,,,
"ban.do Designs, LLC",,,,,,,,
What Goes Around Comes Around,,,,,,,,
Roller Rabbit,,,,,,,,
L'AGENCE,,,,,,,,
COS,,,,,,,,
The MET,,,,,,,,
Proviz (US),,,,,,,,
MODES US,,,,,,,,
Onlineshoes.com,,,,,,,,
Tommy Hilfiger,,,,,,,,
"JAE. CO., LTD",,,,,,,,
Suzanne Somers,,,,,,,,
"Aden and Anais, Inc.",,,,,,,,
Splendid,,,,,,,,
bareMinerals,,,,,,,,
BCBGMAXAZRIA,,,,,,,,
Skinny Tan USA,,,,,,,,
Trunk Club,,,,,,,,
Dango Products,,,,,,,,
Laneige,,,,,,,,
Cos Bar Retail LLC,,,,,,,,
Michael Lauren,,,,,,,,
Lauren Moshi,,,,,,,,
Hat Country LLC,,,,,,,,
"Nice Kicks Retail, LLC",,,,,,,,
IRO (US),,,,,,,,
LXRandCo,,,,,,,,
Shop BAZAAR,,,,,,,,
Shopbop,,,,,,,,
Dermaflash,,,,,,,,
Motherhood,,,,,,,,
A Pea In The Pod,,,,,,,,
DERMAE,,,,,,,,
JanSport,,,,,,,,
